{"initial_reset_timestamp": 1625793759.0988204, "timestamps": [1625793759.2479055], "episode_lengths": [22], "episode_rewards": [0.7899999999999999], "episode_types": ["t"]}